Time (s),Velocity - X (cm/s),Velocity - Y (cm/s),Velocity - Total (cm/s)
0,0.02,1.74,1.74
0.15,0.01,1.4,1.4
0.31,0.2,8.32,8.32
0.47,0.31,15.86,15.86
0.63,0.07,4.96,4.96
0.78,0.08,11.41,11.41
0.95,0.08,11.04,11.04
1.11,0.02,8.81,8.81
1.25,0.17,3.38,3.39
1.42,0.29,10.13,10.13
1.57,0.14,11.48,11.48
1.74,-0.04,7.11,7.11
1.89,0.08,11.03,11.03
2.04,0.28,14.82,14.82
2.2,0.29,10.78,10.79
2.35,0.35,11.84,11.85
2.52,0.15,11.52,11.52
2.69,0.09,12.65,12.65
2.84,0.13,16.54,16.54
2.99,0.13,12.7,12.7
3.15,0.13,11.95,11.95
3.3,-0.06,9.16,9.16
3.47,0.08,12.15,12.15
3.61,0.2,6.37,6.37
3.78,0.15,3.23,3.23
3.93,-0.12,3.91,3.91
4.09,0.01,5.94,5.94
4.26,-0.06,-3.49,3.49
4.41,0.15,4.12,4.13
4.57,0.17,9.08,9.08
4.72,0.22,11.73,11.73
4.89,0.06,6.74,6.75
5.04,0.08,13.5,13.5
5.21,0.04,5.49,5.49
5.37,0.24,9.73,9.73
5.52,0.11,6.96,6.97
5.68,0.11,6.85,6.85
5.83,0.1,16.17,16.17
5.98,-0.11,13.35,13.35
6.15,0.08,10.26,10.27
6.32,0.23,18.08,18.08
6.46,0.47,15.12,15.13
6.61,0.2,7.89,7.89
6.78,0.02,7.76,7.76
6.93,0.04,9.05,9.05
7.1,-0.05,14.09,14.09
7.25,0.11,10.06,10.06
7.4,0.38,12.89,12.9
7.56,0.12,14.53,14.53
7.71,-0.04,13.31,13.31
7.88,-0.18,9.6,9.6
8.03,0.13,11.16,11.16
8.19,0.38,11.87,11.88
8.35,0.37,17.98,17.98
8.5,-0.03,18.15,18.15
8.65,-0.09,13.66,13.66
8.82,-0.03,13.79,13.79
8.97,0.22,14.58,14.58
9.12,0.37,13.42,13.43
9.28,0.02,8.05,8.05
9.43,-0.17,13.4,13.4
9.6,-0.28,15.25,15.25
9.77,0.15,13.34,13.34
9.92,0.61,13.46,13.47
10.07,0.32,9.44,9.45
10.23,-0.09,8.2,8.2
10.38,-0.11,18.87,18.87
10.54,0.11,13.48,13.48
10.71,0.47,13.53,13.54
10.86,0.57,11.4,11.41
11.02,0.03,13.85,13.85
11.17,-0.4,16.08,16.09
11.34,-0.41,14.4,14.41
11.51,0.81,13.31,13.33
11.65,0.66,14.43,14.44
11.8,-0.11,15.76,15.76
11.97,-0.51,17.65,17.66
12.12,-0.01,11.57,11.57
12.29,0.72,12.95,12.97
12.44,0.79,18.27,18.29
12.59,-0.1,12.3,12.3
12.75,-0.55,13.16,13.17
12.91,-0.06,13.39,13.39
13.07,0.7,12.78,12.8
13.23,0.64,12.24,12.26
13.38,0.14,14.75,14.75
13.54,-0.5,13.58,13.59
13.69,-0.01,9.68,9.68
13.86,0.74,12.42,12.44
14.01,0.63,11.67,11.68
14.17,-0.07,12.05,12.05
14.32,-0.72,16.48,16.5
14.49,-0.24,10.48,10.48
14.66,0.65,13.84,13.85
14.81,0.76,11.07,11.1
14.97,-0.04,13.3,13.3
15.14,-0.79,17.52,17.54
15.28,-0.48,8.48,8.49
15.45,0.93,16.86,16.88
15.61,1.23,15.25,15.3
15.76,0.05,13.47,13.47
15.93,-0.91,18.27,18.29
16.1,-0.42,16.82,16.83
16.25,0.62,10.96,10.97
16.41,1.14,16.51,16.55
16.56,0.31,11.79,11.8
16.73,-0.75,10.49,10.52
16.89,-0.42,17.11,17.11
17.04,0.53,12.78,12.79
17.2,0.76,14.75,14.77
17.35,0.32,14,14
17.52,-0.39,17.56,17.56
17.67,-0.33,12.44,12.44
17.83,0.33,14.24,14.25
17.98,0.76,15.52,15.54
18.17,0.28,14.53,14.53
18.3,-0.54,5.68,5.7
18.47,-0.39,13.67,13.68
18.61,0.31,11.6,11.6
18.78,0.34,6.03,6.04
18.93,0.13,7.54,7.54
19.1,-0.21,12.26,12.27
19.26,-0.4,12.45,12.45
19.41,0.42,14.48,14.49
19.56,0.68,10.84,10.86
19.7,0.35,9.41,9.42
19.87,-0.11,9.6,9.61
20.02,-0.32,10.27,10.27
20.19,0.07,9.49,9.49
20.35,0.53,9.04,9.05
20.5,0.37,7.2,7.21
20.67,0.08,12.9,12.9
20.82,-0.29,9.69,9.7
20.97,-0.02,8.17,8.17
21.14,0.4,8.62,8.63
21.28,0.52,9.45,9.46
21.45,-0.1,8.92,8.92
21.6,-0.31,9.18,9.19
21.77,-0.05,10.76,10.76
21.92,0.28,9.68,9.68
22.08,0.34,11.68,11.68
22.23,0.11,14.19,14.19
22.4,-0.04,16.57,16.57
22.54,0.05,18.62,18.62
22.71,0.53,15,15.01
22.87,0.32,16.3,16.3
23.02,0.12,17.52,17.52
23.17,0.18,16.77,16.77
23.34,0.09,8.53,8.53
23.49,0.26,12.27,12.27
23.66,0.15,10.74,10.74
23.81,0.15,14.44,14.44
23.97,0.06,15.14,15.14
24.12,0.04,14.37,14.37
24.29,0.22,10.18,10.19
24.44,0.11,12.95,12.95
24.6,-0.07,10.91,10.91
24.75,0.04,13.58,13.58
24.92,0.34,14.51,14.52
25.07,0.11,10.18,10.18
25.24,0.15,11.41,11.41
25.39,-0.11,15.49,15.49
25.54,-0.02,13.46,13.46
25.71,0.27,18.08,18.08
25.88,0.38,15.56,15.57
26.03,0.22,13.17,13.17
26.19,-0.15,15.4,15.4
26.34,-0.26,-2.43,2.45
26.51,0.44,14.33,14.33
26.66,0.3,10.37,10.37
26.81,0.05,6.69,6.69
26.97,-0.07,6.09,6.09
27.14,-0.07,9.96,9.96
27.28,0.18,0.18,0.25
27.45,0.42,7.81,7.82
27.6,0.26,9.26,9.27
27.76,0.2,12.28,12.28
27.91,0.03,6.68,6.68
28.09,0.18,5.76,5.76
28.25,0.05,5.45,5.45
28.4,0.08,6.55,6.55
28.56,-0.02,11.49,11.49
28.71,0.08,6.96,6.96
28.86,0.29,5.87,5.88
29.03,0.4,11.73,11.73
29.18,0.26,7.83,7.83
29.34,-0.12,6.44,6.44
29.5,-0.21,15.41,15.41
29.66,0.21,13.98,13.98
29.82,0.62,18,18.01
29.98,0.39,15.69,15.7
30.14,-0.01,14.19,14.19
30.3,-0.17,10.04,10.04
30.43,0.23,14.74,14.74
30.6,0.44,13.26,13.27
30.77,0.23,7.29,7.29
30.92,0.01,16.78,16.78
31.08,-0.07,15.56,15.56
31.23,0.19,9.64,9.64
31.39,0.41,10.01,10.02
31.54,0.27,8.51,8.52
31.71,-0.05,7.4,7.4
31.86,-0.1,14.94,14.94
32.02,0.01,13.74,13.74
32.19,0.27,10.08,10.08
32.34,0.66,8.52,8.55
32.51,-0.43,16.8,16.81
32.66,0.01,17.17,17.17
32.81,0.7,13.71,13.73
32.97,0.24,13.93,13.93
33.14,0.02,13.25,13.25
33.29,-0.08,12.57,12.57
33.44,-0.14,11.05,11.05
33.6,-0.07,13.71,13.71
33.76,0.13,11.25,11.25
33.91,0.23,12.2,12.2
34.08,0.27,11.14,11.15
34.23,0.06,8.98,8.98
34.39,-0.16,9.86,9.87
34.56,-0.02,8.68,8.68
34.71,0.13,8.87,8.87
34.88,0.18,9.39,9.39
35.03,0.03,5.66,5.66
35.19,0,10.2,10.2
35.34,-0.04,6.48,6.48
35.51,0.07,9.22,9.22
35.66,0.19,7.99,7.99
35.82,0.2,14.12,14.12
35.97,0,7.71,7.71
36.12,0.21,10.15,10.15
36.28,0.13,12.15,12.15
36.45,0.22,8.23,8.24
36.6,0.1,7.4,7.4
36.76,0.02,11.4,11.4
36.92,-0.08,8.04,8.04
37.08,0.24,12.51,12.51
37.23,0.35,12.19,12.19
37.4,0.03,9.69,9.69
37.55,-0.27,13.48,13.48
37.71,-0.04,17.96,17.96
37.86,0.2,12.77,12.77
38.02,0.45,14.28,14.28
38.19,0.38,16.88,16.89
38.34,-0.21,11.04,11.04
38.51,-0.29,14.54,14.54
38.66,0.3,18.61,18.61
38.82,0.36,8.37,8.38
38.97,0.01,9.09,9.09
39.12,-0.31,7.85,7.86
39.28,0.03,12.79,12.79
39.45,0.4,11.87,11.87
39.6,0.32,6.66,6.67
39.77,0.09,10.2,10.2
39.93,-0.13,12.38,12.38
40.08,0.02,17.18,17.18
40.25,0.17,14.31,14.31
40.39,0.43,10.4,10.4
40.56,0.27,12.97,12.97
40.71,-0.19,12.8,12.8
40.89,-0.15,16.4,16.4
41.04,0.08,10.71,10.71
41.19,0.44,13.35,13.35
41.35,0.45,12.15,12.16
41.51,0,15.44,15.44
41.67,-0.39,13.3,13.3
41.82,-0.12,14.37,14.37
41.99,0.59,12.58,12.6
42.14,0.65,13.02,13.04
42.32,-0.14,6.12,6.12
42.45,-0.28,8.15,8.15
42.6,0,7.6,7.6
42.76,0.36,7.63,7.64
42.93,0.21,3.13,3.13
43.08,0.1,13.06,13.06
43.24,-0.09,11.94,11.94
43.39,-0.04,4.28,4.28
43.56,0.47,12.96,12.97
43.73,0.35,7.61,7.62
43.88,0.16,13.5,13.51
44.04,-0.32,16.3,16.3
44.19,-0.16,14.09,14.09
44.36,0.57,15.37,15.39
44.51,0.86,13.1,13.13
44.67,0.42,15.15,15.16
44.83,-0.1,13.79,13.79
44.98,-0.13,14.06,14.06
45.13,0.24,8.9,8.9
45.3,0.67,14.52,14.53
45.45,0.7,17.47,17.48
45.61,-0.37,11.45,11.45
45.78,-0.27,6.87,6.88
45.93,0.27,10.9,10.91
46.1,0.33,12.3,12.31
46.25,0.3,10.49,10.49
46.4,-0.12,10.24,10.24
46.57,-0.57,2.17,2.24
46.73,-0.02,7.18,7.18
46.88,0.96,5.49,5.58
47.04,0.47,6.2,6.22
47.19,-0.06,4.88,4.88
47.35,0.16,1.1,1.12
47.5,0.02,-1.62,1.62
47.67,0.12,0.55,0.56
47.82,0.39,8.04,8.04
47.99,0.06,5.47,5.47
48.15,-0.01,5.13,5.13
48.3,-0.07,8.37,8.37
48.46,0.12,0.62,0.63
48.61,0.4,9.9,9.91
48.78,0.43,13.77,13.77
48.93,0.09,6.04,6.04
49.09,0.11,4.1,4.1
49.24,0.07,6.41,6.41
49.41,0.1,4.78,4.78
49.56,0.06,5.02,5.02
49.71,0,3.95,3.95
49.88,0.08,1.81,1.81
50.04,0.08,3.91,3.91
50.19,-0.02,1.24,1.25
50.36,0.06,2.74,2.74
50.51,0.19,1.29,1.31
50.67,0.07,1.11,1.12
50.82,-0.02,-0.96,0.96
50.98,0.13,2.85,2.85
51.13,0.03,4.02,4.02
51.31,0.26,1.28,1.31
51.46,0.14,-2.2,2.21
51.62,-0.02,-2.24,2.24
51.76,0.01,0.7,0.7
51.93,0,0.7,0.7
52.1,0.05,1.52,1.52
52.25,0.13,0.5,0.51
52.41,-0.01,-0.67,0.67
52.56,-0.06,-0.94,0.94
52.72,-0.04,0.89,0.89
52.89,0.04,0.21,0.21
53.04,0.08,1.09,1.09
53.2,0.13,0.74,0.75
53.35,-0.05,0.18,0.19
53.52,-0.01,0.46,0.46
53.69,-0.02,2.03,2.03
53.84,0.07,3.54,3.54
54,0.04,0.59,0.6
54.15,0.08,4.41,4.41
54.32,0.06,2.28,2.28
54.47,0,1.18,1.18
54.63,-0.1,8.11,8.11
54.78,0.05,1.49,1.5
54.94,0.09,2.67,2.67
55.09,-0.02,0.87,0.87
55.26,0.03,4.63,4.63
55.41,0.12,7.96,7.96
55.58,0.12,8.71,8.72
55.72,0.05,1.81,1.81
55.89,0.07,2.3,2.3
56.06,0.04,2.69,2.69
56.21,0.09,5.06,5.06
56.37,0.14,5.65,5.65
56.52,-0.08,4.19,4.19
56.68,0.08,2.26,2.26
56.84,0.02,2.19,2.19
56.98,0.01,1.39,1.39
57.15,-0.03,-1.72,1.72
57.3,0.13,3.95,3.95
57.46,-0.02,1.35,1.35
57.61,0.07,5.09,5.09
57.78,0.07,9.28,9.28
57.93,0.08,5.5,5.5
58.1,0.03,4.93,4.93
58.26,0.19,4.06,4.06
58.41,0.26,7.73,7.73
58.58,0.13,6.57,6.57
58.74,0.1,5.05,5.06
58.89,0.09,0.82,0.82
59.05,0.1,2.46,2.46
59.2,0.04,4.47,4.47
59.37,-0.01,2.7,2.7
59.52,0.03,5.79,5.79
59.69,0.07,6.94,6.94
59.83,0.07,2.5,2.5
60,0.11,4,4
60.17,0.13,7.19,7.19
60.32,0.01,5.54,5.54
60.47,-0.4,7.87,7.88
60.64,-0.15,8.54,8.54
60.79,0.65,12.68,12.7
60.94,0.7,15.11,15.12
61.11,0.05,11.15,11.15
61.27,-0.27,7.66,7.66
61.42,-0.28,13.01,13.01
61.59,0.27,9.97,9.97
61.76,0.41,15.28,15.28
61.91,-0.07,14.87,14.87
62.07,-0.21,16.5,16.5
62.23,-0.04,12.56,12.56
62.39,0.44,15.18,15.18
62.55,0.28,13.74,13.75
62.71,0,13.45,13.45
62.86,-0.23,14.57,14.57
63.01,-0.02,13.17,13.17
63.18,0.38,12.74,12.75
63.33,0.42,16.5,16.51
63.49,-0.15,7.32,7.32
63.65,-0.52,16.44,16.44
63.81,-0.16,11.84,11.84
63.96,0.32,13.17,13.18
64.13,0.25,11.79,11.79
64.28,-0.13,8.89,8.9
64.44,-0.15,14.06,14.06
64.59,0.19,10.61,10.61
64.75,0.51,8.73,8.75
64.91,0.18,8.46,8.46
65.07,0.03,6.5,6.5
65.22,-0.14,8.38,8.38
65.38,-0.01,8.6,8.6
65.55,0.27,6.15,6.15
65.7,0.46,14.55,14.56
65.87,-0.04,9.84,9.84
66.02,-0.09,8.9,8.9
66.18,0,14.61,14.61
66.33,0.18,8.49,8.5
66.49,0.42,11.44,11.45
66.64,0.22,10.41,10.42
66.82,-0.04,13.03,13.03
66.96,0.01,12.32,12.32
67.12,0.12,14.54,14.54
67.27,0.29,16.74,16.75
67.44,0.24,12.65,12.65
67.61,0.19,15.62,15.62
67.75,-0.04,15.92,15.92
67.92,-0.16,9.57,9.57
68.07,0.11,8.04,8.04
68.24,0.17,6.3,6.3
68.4,0.51,13.13,13.14
68.54,0.06,5.82,5.82
68.71,0.02,6.96,6.96
68.86,0.11,6.38,6.38
69.02,0.12,7.74,7.74
69.18,0.03,7.35,7.35
69.34,-0.01,11.22,11.22
69.5,0,8.19,8.19
69.66,0.28,11.17,11.18
69.81,0.27,14.51,14.51
69.98,0.21,14.4,14.4
70.14,-0.16,12.09,12.09
70.29,-0.13,11.92,11.92
70.45,0.2,10.42,10.43
70.63,0.61,11.57,11.58
70.77,0.22,13.41,13.42
70.93,-0.02,7.16,7.16
71.1,-0.07,5.1,5.1
71.25,0.27,8.03,8.03
71.42,0.34,2.58,2.6
71.58,0.29,9.69,9.69
71.73,-0.19,13.76,13.76
71.9,-0.23,14.99,14.99
72.04,0.13,9.62,9.62
72.21,0.39,12.44,12.44
72.36,0.17,16.34,16.34
72.52,-0.18,13.4,13.4
72.67,-0.46,11.07,11.08
72.84,-0.02,13.76,13.76
72.99,0.43,13.7,13.71
73.15,0.26,10.29,10.3
73.32,-0.08,17.12,17.12
73.47,-0.45,13.44,13.45
73.64,-0.01,17.16,17.16
73.79,0.38,9.71,9.72
73.96,0.3,8.76,8.77
74.1,-0.13,15.8,15.81
74.26,-0.18,13.2,13.2
74.43,-0.02,8.61,8.61
74.58,0.18,10.95,10.95
74.73,0.32,13.05,13.05
74.89,-0.03,11.37,11.37
75.06,-0.22,9.69,9.69
75.21,-0.03,13.56,13.56
75.36,0.18,16.75,16.75
75.53,-0.03,11.43,11.43
75.68,-0.05,16.9,16.9
75.84,0.15,13.81,13.81
75.99,0.22,15.64,15.64
76.16,0.1,13.23,13.23
76.31,-0.08,11.81,11.81
76.46,-0.06,9.91,9.91
76.63,0.16,20.15,20.15
76.78,0.26,12.75,12.76
76.95,0.08,13.41,13.41
77.1,-0.14,12.15,12.15
77.26,0.05,11.52,11.52
77.42,0.62,15.43,15.45
77.58,0.12,7.05,7.05
77.75,-0.09,6.98,6.98
77.9,-0.01,10.22,10.22
78.06,0.12,5.61,5.62
78.21,0.22,9.2,9.2
78.37,0.11,11.29,11.29
78.54,0.03,12.24,12.24
78.69,-0.06,9.08,9.08
78.85,0.13,13.6,13.6
79,0.2,15.16,15.16
79.17,0.37,10.21,10.21
79.34,0.1,11.61,11.61
79.49,-0.1,12.51,12.51
79.65,-0.01,10.19,10.19
79.8,0.39,11.86,11.87
79.97,0.47,11.57,11.58
80.12,0.08,10.65,10.65
80.28,-0.13,10.45,10.45
80.44,-0.12,9.79,9.79
80.59,0.34,2.78,2.8
80.76,0.59,18.99,19
80.91,0.28,17.53,17.53
81.08,-0.27,12.84,12.84
81.22,-0.1,11.33,11.33
81.39,0.4,14.99,14.99
81.56,0.43,16.37,16.38
81.71,0.24,16.32,16.32
81.87,-0.12,12.76,12.76
82.03,-0.1,9.74,9.75
82.18,0,12.72,12.72
82.35,0.31,8.81,8.81
82.51,0.14,10.35,10.35
82.65,-0.23,8.86,8.86
82.82,-0.09,14.65,14.65
82.98,0.03,15.3,15.3
83.13,0.32,8.91,8.92
83.28,0.25,10.94,10.94
83.45,0.11,12.34,12.34
83.61,-0.33,6.25,6.26
83.76,-0.36,15.78,15.78
83.92,0.46,17.8,17.81
84.07,0.55,14.19,14.2
84.24,-0.12,15.51,15.51
84.39,-0.53,16.25,16.26
84.55,-0.2,12.98,12.99
84.7,0.54,15.06,15.07
84.87,0.52,17.73,17.74
85.04,-0.38,16.58,16.59
85.22,-0.76,16.96,16.98
85.35,-0.23,14.82,14.82
85.53,0.85,18.04,18.06
85.66,0.76,17.95,17.97
85.82,-0.22,16.7,16.7
85.98,-0.76,19.75,19.77
86.13,-0.17,16,16
86.29,0.77,17.03,17.05
86.44,0.72,15.08,15.1
86.61,-0.04,12.83,12.83
86.76,-0.47,16.03,16.03
86.92,0.01,14.3,14.3
87.07,0.71,16.28,16.3
87.24,0.54,12.83,12.84
87.39,0.06,14.42,14.42
87.56,-0.39,14.08,14.09
87.71,-0.18,12.95,12.95
87.87,0.48,12.29,12.3
88.02,1.07,16.35,16.39
88.19,0.29,16.54,16.55
88.34,-0.2,14.75,14.76
88.5,-0.31,14.77,14.77
88.66,0.35,4.41,4.42
88.81,0.67,13.98,14
88.98,0.11,10.38,10.38
89.13,0.01,12.11,12.11
89.29,-0.08,6.85,6.85
89.44,0.19,10.38,10.38
89.61,0.51,13.99,14
89.76,0.14,3.5,3.5
89.93,-0.36,2.86,2.88
90.08,-0.54,4.66,4.69
90.24,0.1,3.01,3.02
90.4,0.32,3.33,3.34
90.56,0.01,1.39,1.39
90.72,0,-1.18,1.18
90.87,-0.02,2.9,2.9
91.03,0.05,2.15,2.15
91.18,0.11,3.91,3.91
91.35,0.08,7.63,7.63
91.5,0.03,5.45,5.45
91.67,0.06,4.61,4.61
91.83,0.04,4.4,4.4
91.98,0.01,7.47,7.47
92.15,0.15,8.45,8.46
92.29,0.27,11.28,11.28
92.46,0.09,12.31,12.31
92.61,-0.16,7.23,7.23
92.77,0.14,11.41,11.41
92.94,0.35,10.65,10.66
93.09,0.19,10.54,10.55
93.25,0.1,5.9,5.9
93.4,0.03,8.58,8.58
93.57,-0.04,5.65,5.65
93.74,0.31,6.57,6.57
93.89,0.41,12.57,12.58
94.05,0.01,10.72,10.72
94.2,-0.03,9.47,9.47
94.36,0.04,12.09,12.09
94.51,0.37,15.55,15.56
94.68,0.47,11.68,11.69
94.83,0.05,10.79,10.79
94.99,-0.24,15.63,15.63
95.14,-0.06,13.86,13.86
95.31,0.46,9.81,9.82
95.48,0.47,18.07,18.08
95.63,0.04,18.72,18.72
95.79,-0.32,19.42,19.42
95.95,-0.18,11.08,11.09
96.11,0.45,12.28,12.29
96.27,0.32,11.86,11.86
96.42,0.03,6.88,6.88
96.58,-0.36,11.89,11.9
96.73,-0.33,6.45,6.46
96.9,0.4,12.57,12.58
97.07,0.65,12.16,12.18
97.22,0.07,4.5,4.5
97.37,-0.03,9.8,9.8
97.53,-0.05,9.85,9.85
97.7,0.02,7.4,7.4
97.85,0.26,13.72,13.72
98.01,0.26,7.72,7.73
98.17,0.22,8.95,8.96
98.32,-0.11,5.04,5.04
98.47,-0.15,12.45,12.46
98.64,0.06,11.27,11.27
98.81,0.51,8.29,8.31
98.96,0.36,7.68,7.68
99.11,0.01,9.61,9.61
99.27,-0.26,9.07,9.07
99.42,0.04,10.89,10.89
99.59,0.55,13.32,13.34
99.74,0.35,9.73,9.74
99.89,-0.02,8.47,8.47
100.07,-0.25,9.07,9.07
100.21,0.03,7.45,7.45
100.36,0.53,7.32,7.34
100.53,0.26,7.84,7.84
100.68,-0.28,11.39,11.4
100.84,-0.7,13.38,13.4
100.99,0.16,11.04,11.04
101.16,0.46,12.45,12.46
101.33,0.34,11.59,11.59
101.48,-0.17,8.52,8.52
101.64,-0.55,11.27,11.28
101.81,-0.02,11.28,11.28
101.96,1,13.72,13.76
102.12,0.54,10.17,10.19
102.27,-0.25,7.27,7.28
102.42,-0.66,11.35,11.36
102.58,-0.16,11.62,11.62
102.73,0.95,13.21,13.25
102.9,0.72,15.28,15.3
103.05,-0.02,13.65,13.65
103.23,-0.54,14.78,14.79
103.38,0.07,14.75,14.75
103.53,0.53,13.56,13.57
103.68,0.42,14.35,14.36
103.85,0.02,15.71,15.71
104.01,-0.34,12.95,12.95
104.16,-0.16,9.68,9.69
104.32,0.5,8.51,8.53
104.48,0.38,13.22,13.23
104.64,-0.11,8.07,8.07
104.8,-0.27,5.91,5.91
104.95,0.06,11.94,11.94
105.12,0.81,9.08,9.12
105.27,0.49,10.86,10.87
105.44,-0.31,16.96,16.97
105.59,-0.53,12.17,12.18
105.75,0.56,9.05,9.07
105.9,1.23,13.3,13.35
106.07,0.36,10.25,10.26
106.21,-0.69,13.39,13.41
106.37,-0.43,6.98,6.99
106.53,0.77,13.77,13.8
106.69,1.01,11.3,11.34
106.84,0.57,15.54,15.55
107.01,-0.81,13.84,13.86
107.18,-0.74,13.22,13.24
107.34,1.1,13.53,13.57
107.49,1.02,14.91,14.94
107.64,0.07,13.89,13.89
107.81,-1.21,11.49,11.56
107.96,-0.81,12.54,12.56
108.13,0.45,10.27,10.28
108.28,0.72,8.35,8.38
108.43,0.28,7.92,7.92
108.6,-0.12,13.84,13.84
108.76,-0.67,9.51,9.54
108.93,-0.7,8.46,8.49
109.08,0.69,17.62,17.63
109.23,0.8,16.7,16.72
109.4,0.15,12.59,12.6
109.55,-0.42,12.85,12.86
109.71,-0.56,10.62,10.63
109.86,0.69,10.64,10.66
110.03,0.82,12.75,12.78
110.17,0.14,5.85,5.85
110.33,-0.23,10.4,10.41
110.49,-0.42,10.21,10.22
110.64,0.33,12.99,12.99
110.8,0.59,6.18,6.2
110.95,0,8.83,8.83
111.12,-0.55,14.44,14.45
111.27,-0.52,13.36,13.37
111.43,0.36,12.24,12.24
111.6,0.76,18,18.01
111.75,0.46,11.51,11.52
111.92,-0.43,15.54,15.54
112.07,-0.54,10.05,10.06
112.23,0.12,14.24,14.24
112.39,0.45,10.34,10.35
112.54,0.2,10.39,10.4
112.71,-0.02,7.86,7.86
112.86,-0.23,9.32,9.32
113.02,0.19,12.56,12.56
113.17,0.26,15.59,15.6
113.34,0.08,4.47,4.47
113.49,0.2,10.5,10.5
113.66,-0.04,8.03,8.03
113.81,-0.09,2.92,2.92
113.98,0.14,6.8,6.8
114.12,0.21,10.3,10.3
114.27,0.03,5.93,5.93
114.44,0.13,9.77,9.77
114.59,-0.02,0.76,0.76
114.75,0.19,9.77,9.77
114.9,0.25,15.14,15.14
115.06,0.04,7.87,7.87
115.22,-0.14,13,13
115.38,0.1,12.24,12.24
115.53,0.55,12.5,12.51
115.69,0.54,13.85,13.86
115.84,0.08,6.07,6.07
116.01,-0.4,13.65,13.66
116.16,-0.3,12.5,12.51
116.33,0.38,10.79,10.8
116.47,0.87,12.12,12.15
116.64,0.4,7.51,7.52
116.81,-0.41,10.37,10.38
116.96,-0.37,15.06,15.07
117.12,-0.06,10.95,10.95
117.28,0.73,9.01,9.04
117.43,0.41,12.62,12.63
117.58,-0.06,10.24,10.24
117.75,-0.27,12.27,12.27
117.9,0.01,17.57,17.57
118.06,0.91,17.4,17.43
118.21,0.45,15.57,15.57
118.38,-0.03,6.89,6.89
118.53,-0.07,10.7,10.7
118.7,-0.15,10.28,10.28
118.86,0.12,2.39,2.39
119.01,0.41,9.34,9.35
119.17,0.15,8.43,8.43
119.33,0.07,8.6,8.6
119.49,-0.1,6.72,6.73
119.65,0.08,5.17,5.17
119.8,0.34,6.8,6.81
119.97,0.29,7.25,7.26
120.14,0.05,9.23,9.23
120.29,0.14,6.86,6.86
120.45,0.22,6.94,6.94
120.6,0.14,7.49,7.5
120.77,0.11,7.82,7.82
120.93,0.03,5.96,5.96
121.08,-0.65,0.63,0.9
121.23,-0.35,6.03,6.04
121.4,0.36,5.88,5.89
121.56,0.2,4.45,4.45
121.72,0.02,0.65,0.65
121.87,-0.04,-2.04,2.04
122.02,-0.04,0.03,0.04
122.19,0.22,4.91,4.92
122.34,0.12,4.89,4.89
122.51,-0.03,-0.76,0.76
122.66,0.09,6.51,6.51
122.82,0.11,7.5,7.51
122.99,0.29,15.27,15.27
123.14,0.21,11.13,11.13
123.3,0,8.47,8.47
123.45,-0.02,12.19,12.19
123.61,0.07,15.37,15.37
123.78,0.26,14.02,14.02
123.93,0.16,16.71,16.71
124.1,-0.35,13.37,13.38
124.26,-0.47,14.85,14.85
124.41,-0.01,15.13,15.13
124.58,0.32,14.39,14.4
124.74,0.23,15.59,15.59
124.89,-0.11,11.39,11.39
125.05,-0.39,17.96,17.97
125.2,0.01,8.1,8.1
125.37,0.48,15.34,15.35
125.52,0.27,17.06,17.06
125.67,0,11.14,11.14
125.83,-0.35,6.11,6.12
126,0.18,8.9,8.9
126.15,0.22,5.14,5.14
126.32,0.01,7.93,7.93
126.48,0.11,7.67,7.67
126.63,0.14,5.19,5.2
126.79,0.17,7.85,7.85
126.94,0.26,11.29,11.29
127.11,0.06,5.62,5.62
127.26,0.06,12.44,12.44
127.42,-0.03,7.31,7.31
127.57,0.04,10.04,10.04
127.72,0.23,5.47,5.48
127.89,0.21,7.91,7.92
128.05,0,12.39,12.39
128.21,-0.4,14.24,14.25
128.37,-0.46,13.73,13.74
128.52,0.02,15.4,15.4
128.69,0.62,16.54,16.55
128.85,0.55,14.44,14.45
128.99,-0.1,13.89,13.89
129.15,-0.41,16.94,16.94
129.31,-0.14,9.34,9.34
129.48,0.52,8.32,8.34
129.63,0.44,13.82,13.83
129.79,-0.08,10.1,10.1
129.94,-0.35,7.17,7.18
130.09,0.02,8.97,8.97
130.26,0.69,11.04,11.06
130.43,0.47,7.5,7.52
130.58,-0.16,11.31,11.31
130.74,-0.05,9.95,9.95
130.89,0,5.09,5.09
131.05,0.32,4.55,4.56
131.2,0.54,10.68,10.69
131.37,0.16,7.08,7.08
131.52,-0.12,4.87,4.88
131.69,-0.17,6.57,6.57
131.85,0.31,10.83,10.84
132,0.69,15.23,15.25
132.16,0.25,6.09,6.1
132.32,-0.25,6.95,6.96
132.46,-0.31,11.07,11.08
132.63,0.12,8,8
132.8,1.14,9.52,9.59
132.95,0.47,9.57,9.58
133.1,-0.34,13.68,13.68
133.26,-0.54,12.17,12.18
133.42,0.19,9.37,9.37
133.58,1.19,9.71,9.78
133.74,0.57,5.85,5.88
133.89,-0.48,4.42,4.45
134.05,-0.74,6.05,6.1
134.22,-0.14,7.01,7.01
134.39,1.26,15.72,15.77
134.54,0.6,10.51,10.53
134.7,-0.27,5.44,5.45
134.85,-0.54,10.2,10.21
135.02,-0.05,9.84,9.84
135.17,0.85,12.54,12.57
135.33,0.4,9.85,9.86
135.49,-0.12,9.18,9.19
135.64,-0.11,7.93,7.93
135.81,0.04,10.34,10.34
135.98,0.97,5.04,5.13
136.14,0.17,13.81,13.81
136.27,-0.11,7.82,7.82
136.44,-0.23,8.74,8.75
136.61,-0.14,4.55,4.55
136.76,0.67,11.45,11.47
136.92,0.93,11.99,12.03
137.08,0.26,10.9,10.91
137.24,-0.63,13.44,13.46
137.4,-0.43,8.3,8.31
137.56,0.42,12.53,12.53
137.71,0.94,12.09,12.13
137.86,0.5,12.68,12.69
138.03,-0.42,13.35,13.36
138.2,-0.9,8.69,8.74
138.35,1.03,13.8,13.84
138.5,0.68,10.19,10.21
138.66,-0.26,13.27,13.28
138.83,-0.78,9.25,9.28
138.97,-0.26,9.2,9.21
139.14,0.7,11.48,11.5
139.45,0.65,14.68,14.7
139.62,-0.18,16.57,16.57
139.77,-0.87,12.36,12.39
139.93,-0.54,16.49,16.5
140.08,0.51,13.18,13.19
140.25,0.97,15.54,15.57
140.42,-0.13,16.35,16.35
140.57,-0.84,13.65,13.68
140.73,-0.23,13.87,13.87
140.88,0.89,12.43,12.46
141.04,0.72,12.1,12.12
141.21,-0.25,9.72,9.73
141.36,-0.28,7.16,7.17
141.52,-0.09,7.46,7.46
141.67,0.49,5.16,5.19
141.84,0.41,8.86,8.87
141.99,-0.19,7.31,7.31
142.16,-0.43,6.64,6.65
142.32,0.36,8.99,9
142.47,0.5,9.38,9.39
142.62,0.13,9.79,9.79
142.79,-0.33,7.84,7.84
142.95,0.06,9.79,9.79
143.1,0.62,14.47,14.48
143.27,0.44,12.95,12.96
143.41,0.05,7.87,7.87
143.58,-0.09,5.32,5.32
143.73,0.07,7.26,7.26
143.9,0.17,7.1,7.11
144.04,0.3,10.09,10.09
144.21,0,5.65,5.65
144.36,0.04,11.37,11.37
144.53,0.17,9.81,9.81
144.69,0.15,7.42,7.42
144.84,0.18,11.44,11.44
145,-0.18,2.75,2.75
145.15,-0.14,9.51,9.51
145.32,0.47,10.09,10.1
145.48,0.22,5.31,5.31
145.63,0.12,8.46,8.46
145.8,-0.02,6.12,6.12
145.97,-0.1,8.26,8.26
146.12,0.07,9.91,9.91
146.27,0.22,13.09,13.09
146.43,0.16,4.94,4.94
146.59,0.19,10.74,10.75
146.74,-0.04,7.96,7.96
146.91,0.03,7.95,7.95
147.06,0.2,5.7,5.7
147.22,0.13,8.99,8.99
147.37,-0.02,6.37,6.37
147.54,0.11,8.12,8.12
147.69,0.07,7.13,7.13
147.86,0.23,9.39,9.39
148.01,0.11,3.89,3.89
148.17,0.23,8.6,8.6
148.34,0.08,6.01,6.01
148.49,0.04,4.47,4.47
148.65,0.02,2.41,2.41
148.79,0.1,4.27,4.28
148.96,0.14,5.69,5.69
149.11,0.06,1.51,1.51
149.28,0.12,4.71,4.71
149.44,0.03,1.7,1.7
149.58,0.11,4.48,4.48
149.74,0.08,5.01,5.01
149.91,0.16,8.23,8.23
150.06,0.01,0.56,0.56
150.23,0.05,1.64,1.64
150.38,0.07,2.54,2.54
150.54,0,0.25,0.25
150.69,0.22,6.86,6.86
150.85,0.01,1.3,1.3
151.02,0.07,3.85,3.85
151.17,0.21,3.89,3.89
151.33,-0.03,2.23,2.23
151.48,0.12,6.05,6.05
151.65,0.28,11.75,11.75
151.8,0.14,7.16,7.16
151.97,0.02,2.8,2.8
152.13,0.03,11.48,11.48
152.28,0.05,6.57,6.57
152.44,0.3,5.69,5.7
152.6,0.17,5.92,5.93
152.75,0.02,7.82,7.82
152.91,-0.09,8.33,8.33
153.06,-0.44,3.58,3.61
153.22,-0.04,11.05,11.05
153.37,0.78,10.53,10.56
153.54,0.61,13.53,13.55
153.69,-0.11,12.34,12.34
153.86,0.23,13.17,13.17
154.02,0,14.14,14.14
154.17,0.01,12.02,12.02
154.34,-0.28,16.56,16.57
154.49,-0.1,12.09,12.09
154.64,0.25,14.86,14.86
154.8,0.18,14.54,14.54
154.96,0.28,12.19,12.19
155.11,-0.04,12.54,12.54
155.29,0.37,11.97,11.97
155.43,0.56,16.27,16.28
155.59,1.01,13.23,13.27
155.74,-0.14,13.3,13.3
155.91,-0.74,17.05,17.06
156.08,-0.29,10.24,10.25
156.23,1.47,1.55,2.14
156.39,1.65,7.61,7.79
156.54,-0.21,7.05,7.06
156.71,-1.34,4.72,4.91
156.85,-0.28,4.37,4.38
157.02,0.16,1.05,1.06
157.18,-0.07,-1.27,1.27
157.33,0.18,3.19,3.19
157.48,-0.28,7.28,7.29
157.65,-0.19,5.89,5.89
157.8,0.29,13.73,13.74
157.96,0.87,16.22,16.25
158.11,0.64,10.34,10.36
158.28,-0.2,14.11,14.11
158.45,-0.33,18.73,18.73
158.6,0.12,11.85,11.85
158.75,0.64,11.25,11.27
158.91,0.58,13.51,13.52
159.06,-0.33,7.64,7.65
159.22,-1.01,11.12,11.16
159.37,-0.2,10.55,10.56
159.54,1.27,12.2,12.27
159.69,1.03,8.77,8.83
159.85,-0.09,15.88,15.88
160.02,-1.06,17.14,17.17
160.17,-0.95,8.48,8.53
160.34,2.07,5.95,6.3
160.49,2.4,7.8,8.16
160.65,-0.22,6.55,6.55
160.8,-1.82,5.19,5.5
160.98,-0.49,2.74,2.79
161.12,0.73,1.38,1.56
161.27,0.3,4.37,4.38
161.43,0.11,6.52,6.53
161.58,-0.33,10.76,10.76
161.75,-0.27,10.34,10.35
161.89,0.46,13.22,13.23
162.06,0.72,7.78,7.81
162.21,0.15,6.88,6.89
162.37,-0.52,15.05,15.06
162.54,-0.57,11.29,11.3
162.69,0.53,12.44,12.45
162.86,0.83,11.66,11.69
163.01,0.55,12.37,12.39
163.15,-1.05,20.99,21.02
163.33,-1.26,13.27,13.33
163.47,0.51,9.87,9.89
163.64,1.5,12.65,12.74
163.79,1.06,11.46,11.51
163.95,-0.99,12.3,12.34
164.1,-1.77,14.97,15.08
164.26,-0.51,12.52,12.53
164.41,2.07,12.22,12.4
164.58,1.62,12.82,12.92
164.73,-0.74,16.94,16.95
164.9,-1.88,13.49,13.62
165.04,-0.42,13.79,13.79
165.21,2.03,17.29,17.41
165.36,1.49,13.27,13.35
165.53,-0.63,10.87,10.89
165.68,-1.18,14.53,14.57
165.84,-0.43,13.6,13.61
165.99,1.52,17.55,17.62
166.16,1.46,16.74,16.81
166.32,-0.7,20.15,20.16
166.47,-1.53,13.96,14.04
166.63,0.26,11.33,11.33
166.78,1.48,12.04,12.13
166.95,0.66,10.45,10.47
167.1,-0.49,10.3,10.31
167.26,-1.35,13.61,13.68
167.41,0.14,5.97,5.97
167.58,1.22,14.39,14.44
167.75,0.37,7.87,7.88
167.9,-0.42,13.53,13.54
168.05,-0.9,5.97,6.04
168.21,0.46,5.69,5.71
168.37,1.67,14.88,14.98
168.54,0.76,10.35,10.38
168.69,-0.62,7.83,7.85
168.85,-0.55,7.19,7.21
169,0.07,6.66,6.66
169.17,1.11,5.83,5.94
169.32,0.82,10.62,10.65
169.47,0.02,3.94,3.94
169.64,-0.22,5.82,5.82
169.79,-0.45,5.5,5.52
169.95,0.13,6.28,6.28
170.1,0.78,2.71,2.82
170.27,0.39,7.07,7.08
170.41,-0.15,2.3,2.3
170.58,-0.33,8.73,8.74
170.73,-0.1,3.33,3.33
170.9,0.76,8.48,8.51
171.04,-0.28,4.74,4.74
171.19,0.04,5.61,5.61
171.36,-0.23,4.12,4.13
171.52,-0.27,7.9,7.9
171.68,0.82,8.51,8.55
171.84,0.42,12.75,12.76
171.99,0.06,3.92,3.92
172.16,-0.01,3.16,3.16
172.31,-0.18,4.68,4.69
172.47,0.5,7.33,7.35
172.62,0.34,6.63,6.64
172.78,0.05,6.95,6.95
172.96,0.03,3.77,3.77
173.1,0,6.06,6.06
173.26,0.03,10.71,10.71
173.41,0.18,8.76,8.77
173.58,0.12,13.05,13.05
173.75,0.18,6.76,6.76
173.9,0.07,7.46,7.46
174.04,-0.04,7.47,7.47
174.21,0.49,10.47,10.48
174.36,0.15,5.94,5.94
174.54,-0.06,2.42,2.42
174.7,-0.04,12,12
174.84,0.03,7.76,7.76
175.01,0.38,4.5,4.51
175.15,0.65,6.31,6.35
175.32,0.12,5.11,5.11
175.47,-0.48,8.73,8.75
175.63,-0.47,3.35,3.38
175.78,0.52,11.19,11.21
175.95,0.92,12.75,12.79
176.12,0.31,9.22,9.22
176.27,-0.26,17.24,17.24
176.43,-0.08,7.67,7.67
176.57,0.19,11.13,11.13
176.73,0.35,8.63,8.64
176.89,0.5,14.32,14.33
177.06,0.16,13.86,13.86
177.21,-0.06,12.36,12.36
177.36,-0.18,13.34,13.34
177.52,0.25,11.33,11.33
177.68,0.39,10.58,10.58
177.84,0.32,13.86,13.87
178.01,-0.08,13.06,13.06
178.15,-0.62,7.19,7.22
178.32,0,13.95,13.95
178.47,0.87,15.09,15.12
178.64,0.66,14.33,14.34
178.79,-0.07,13.38,13.38
178.95,-0.64,11.86,11.88
179.1,-0.23,17.36,17.36
179.27,0.75,13.39,13.41
179.43,0.82,15.55,15.57
179.58,-0.04,16.07,16.07
179.73,-0.48,14.41,14.42
179.89,-0.41,6.9,6.91
180.06,0.84,14.92,14.95
180.21,1.1,13.18,13.23
180.38,0.01,12.35,12.35
180.53,-0.72,13.61,13.63
180.69,-0.41,14.05,14.06
180.84,0.73,9.72,9.75
181,0.81,11.03,11.06
181.15,-0.05,0.87,0.87
181.32,-0.63,17.18,17.19
181.47,-0.83,15.82,15.85
181.63,0.09,14.09,14.09
181.78,0.98,15.4,15.43
181.95,0.51,11.92,11.93
182.12,-0.55,19.33,19.33
182.26,-0.81,14.06,14.08
182.43,0.35,12.26,12.26
182.58,1.04,13.81,13.85
182.75,0.59,12.13,12.15
182.9,-0.19,9.02,9.02
183.06,-0.38,17.46,17.47
183.21,-0.2,8.53,8.53
183.37,0.71,11.62,11.65
183.54,0.54,12.09,12.11
183.69,0,9.99,9.99
183.84,-0.38,9.61,9.61
184.01,-0.18,12.32,12.32
184.17,0.7,9.77,9.8
184.32,0.67,11.89,11.91
184.49,-0.11,7.11,7.11
184.65,-0.41,13.73,13.74
184.8,-0.29,11.29,11.29
184.97,0.78,9.26,9.29
185.11,0.57,12.55,12.56
185.27,-0.03,8.37,8.37
185.43,-0.15,12.91,12.91
185.6,-0.24,9.12,9.13
185.76,0.55,7.56,7.58
185.91,0.79,13.41,13.43
186.06,0.38,15.27,15.28
186.23,-0.34,6.07,6.08
186.38,-0.46,11.36,11.37
186.54,0.35,16.2,16.2
186.69,0.74,14.08,14.1
186.85,0.56,16.61,16.62
187,-0.21,10.41,10.41
187.17,-0.47,13.3,13.3
187.32,0.01,15.02,15.02
187.48,0.77,11.16,11.19
187.63,0.56,12.8,12.81
187.8,-0.03,13.5,13.5
187.95,-0.33,10.55,10.56
188.12,0.01,9.4,9.4
188.27,0.4,7.26,7.27
188.43,0.32,7.59,7.6
188.58,0.01,7.5,7.5
188.75,-0.31,16.25,16.26
188.9,-0.01,12.47,12.47
189.06,0.4,11.56,11.57
189.21,0.21,7.22,7.22
189.37,0.05,16.93,16.93
189.52,0.01,11.68,11.68
189.69,0.1,16.86,16.86
189.84,0.25,12.86,12.86
190.01,0.17,8.48,8.48
190.17,0.17,10.98,10.98
190.32,0.02,9.27,9.27
190.49,-0.14,5.59,5.59
190.64,-0.05,6.5,6.5
190.79,0,11.24,11.24
190.95,0.13,13.57,13.57
191.1,0.07,11.56,11.56
191.26,0.01,6.12,6.12
191.42,-0.15,17.34,17.34
191.6,-0.19,17.61,17.61
191.73,0.41,16.95,16.96
191.89,0.43,18.22,18.23
192.04,0.07,12.75,12.75
192.21,-0.27,13.63,13.63
192.38,-0.02,12.72,12.72
192.53,0.38,16.31,16.31
192.68,0.45,17.38,17.39
192.84,0.1,13.24,13.24
193.01,-0.18,16.62,16.62
193.16,-0.09,15.86,15.86
193.32,0.59,15.64,15.65
193.47,0.64,16.06,16.08
193.63,0.03,11.26,11.27
193.78,-0.25,9.57,9.57
193.95,-0.04,4.56,4.56
194.1,0.34,9.97,9.98
194.27,0.47,8.71,8.72
194.41,0.13,12.31,12.31
194.58,-0.35,11.21,11.21
194.75,-0.48,9.15,9.16
194.9,0.44,14.18,14.19
195.06,0.82,13.16,13.19
195.21,0.33,10.33,10.33
195.37,-0.63,8.66,8.68
195.54,-1.05,-0.28,1.09
195.69,0.26,3.89,3.9
195.85,1.46,5.69,5.88
196.01,0.57,4.01,4.05
196.16,-0.05,6.24,6.24
196.32,-0.16,-1.96,1.97
196.47,0.02,6.29,6.29
196.63,0.33,9.06,9.07
196.79,0.28,7.09,7.09
196.96,0.21,9.87,9.87
197.1,0,10.23,10.23
197.25,-0.04,8.3,8.3
197.42,0.53,12.19,12.2
197.58,0.62,11.68,11.7
197.73,0.1,5.46,5.46
197.9,-0.07,9.58,9.58
198.04,-0.11,12.97,12.97
198.2,0.25,9.95,9.96
198.36,0.47,15.87,15.88
198.53,-0.01,12.85,12.85
198.68,0.11,12.62,12.62
198.83,0.16,12.17,12.17
198.99,0.26,13.65,13.65
199.15,0.07,10.49,10.49
199.3,0,11.08,11.08
199.47,-0.07,13.17,13.17
199.62,0.05,16.4,16.4
199.78,0.11,12.73,12.73
199.93,0.13,16.43,16.43
200.1,0.17,13.48,13.48
200.26,0.21,15.62,15.63
200.42,0.29,16.33,16.33
200.57,0.15,8.44,8.44
200.73,-0.16,14.36,14.36
200.88,-0.17,15.93,15.93
201.04,0.35,14.53,14.53
201.21,0.51,14.46,14.47
201.36,0.1,12.61,12.61
201.52,-0.43,10.35,10.36
201.69,-0.27,9.41,9.41
201.84,0.27,6.98,6.98
202.01,0.28,12.79,12.79
202.17,0.09,13.58,13.58
202.32,-0.23,3.36,3.37
202.47,-0.21,14.09,14.1
202.63,0.23,12.21,12.21
202.79,0.43,13,13.01
202.95,0.04,13.89,13.89
203.11,-0.42,12.43,12.44
203.28,-0.34,14.75,14.75
203.43,0.45,22.34,22.34
203.58,0.61,18.87,18.88
203.75,0.01,11.01,11.01
203.9,-0.18,13.65,13.65
204.06,-0.23,12.91,12.91
204.23,0.32,8.28,8.28
204.38,0.46,13.79,13.8
204.54,0.25,9.74,9.74
204.69,-0.22,16.21,16.21
204.84,-0.27,14.14,14.14
205,0.25,13.46,13.47
205.15,0.5,8.47,8.48
205.32,0.12,3.02,3.02
205.49,-0.47,17.74,17.74
205.63,-0.33,12.93,12.94
205.8,0.33,12.43,12.43
205.95,0.49,11.92,11.93
206.12,0.37,13.72,13.73
206.27,-0.25,16.18,16.18
206.43,-0.5,8.46,8.47
206.59,0.11,13.57,13.57
206.75,0.7,13.4,13.42
206.91,0.33,11.73,11.73
207.06,-0.02,15.64,15.64
207.22,-0.56,11.27,11.29
207.39,-0.14,5.48,5.48
207.54,0.6,16.5,16.51
207.71,0.29,11.44,11.45
207.86,-0.22,10.73,10.73
208.02,-0.41,16.47,16.47
208.17,0.04,8.68,8.69
208.33,0.38,10.04,10.05
208.48,0.41,16.47,16.47
208.63,-0.04,14.1,14.1
208.8,-0.14,9.17,9.17
208.95,0.39,14.23,14.24
209.11,0.08,11.97,11.97
209.26,-0.29,11.99,11.99
209.43,-0.2,12.36,12.36
209.58,0.57,14.65,14.66
209.75,0.35,15.65,15.66
209.9,-0.09,12.62,12.62
210.06,0.11,11.3,11.3
210.22,-0.09,10.22,10.22
210.38,0.37,6.7,6.71
210.54,0.62,19.04,19.05
210.69,0.17,13.62,13.62
210.85,-0.22,8.1,8.1
211,-0.28,14.39,14.39
211.17,0.19,14.92,14.92
211.32,0.71,12.42,12.44
211.47,0.04,11.57,11.57
211.63,-0.03,12.19,12.19
211.8,0.17,15.95,15.95
211.95,0.24,12.01,12.01
212.1,0.15,9.23,9.23
212.27,0.08,7.09,7.09
212.43,0.09,11.38,11.38
212.58,0.03,13.11,13.11
212.75,0.08,7.97,7.98
212.89,0.11,5.78,5.78
213.06,0.02,8.83,8.83
213.22,-0.02,13.69,13.69
213.37,0.11,9.93,9.93
213.54,0.31,16.9,16.9
213.69,0.31,16.86,16.86
213.86,-0.04,14.9,14.9
214.01,0.09,12.69,12.69
214.17,0.17,12.42,12.42
214.34,0.15,11.97,11.98
214.49,-0.12,24.1,24.1
214.64,0.19,16.88,16.88
214.8,0.13,9.45,9.45
214.96,0.36,14.32,14.32
215.12,0.39,12.27,12.27
215.28,0.06,10.1,10.1
215.43,-0.13,12.3,12.3
215.58,0.09,12.78,12.78
215.74,0.39,13.45,13.45
215.89,0.48,16.52,16.53
216.06,0.12,15.99,15.99
216.21,-0.15,11.39,11.39
216.38,0.07,4.86,4.86
216.54,0.38,13.51,13.51
216.69,0.39,12.09,12.1
216.86,0.03,5.84,5.84
217,0.02,13.05,13.05
217.17,-0.02,11.55,11.55
217.32,0.15,17.92,17.92
217.48,0.47,14.03,14.04
217.63,0.14,10.33,10.33
217.8,-0.29,5.29,5.3
217.95,0.04,6.15,6.15
218.12,0.4,10.19,10.2
218.27,0.45,15.16,15.17
218.41,-0.15,5.02,5.03
218.58,-0.45,9.72,9.73
218.75,-0.05,7.94,7.94
218.9,0.27,16.93,16.93
219.07,0.35,12.33,12.34
219.21,0.09,9.98,9.98
219.37,-0.25,5.64,5.64
219.52,-0.31,9.64,9.64
219.69,0.22,14.74,14.74
219.84,0.41,16.2,16.2
220,0.25,16.14,16.14
220.17,0.19,13.74,13.74
220.32,-0.09,17.06,17.06
220.49,-0.16,11.58,11.58
220.64,0.12,8.92,8.92
220.8,0.35,13.49,13.5
220.96,0.25,13.32,13.33
221.12,0.15,15.76,15.76
221.29,-0.01,5.66,5.66
221.43,0.1,10.09,10.09
221.59,0.12,14.87,14.87
221.76,0.23,14.53,14.53
221.91,-0.05,11.71,11.71
222.08,-0.08,10.92,10.92
222.24,0.33,7.39,7.4
222.39,0.41,11.38,11.39
222.56,0.03,14.19,14.19
222.71,-0.3,11.87,11.87
222.87,-0.09,9.6,9.6
223.03,0.28,9.7,9.71
223.18,0.44,14.03,14.04
223.35,-0.03,7.95,7.95
223.5,-0.31,14.72,14.72
223.66,-0.07,13.49,13.49
223.81,0.39,13.58,13.58
223.98,0.46,18.25,18.26
224.15,-0.11,14.57,14.57
224.3,-0.33,13.06,13.06
224.46,-0.03,17.78,17.78
224.61,0.25,14.69,14.69
224.78,0.25,11.5,11.5
224.95,0.06,12.67,12.67
225.09,-0.16,16.26,16.26
225.25,-0.05,14.11,14.11
225.42,0.24,6.27,6.27
225.57,0.34,11.66,11.66
225.75,0.09,5.89,5.89
225.9,-0.04,10.5,10.5
226.05,-0.12,10.63,10.63
226.22,0.06,13.48,13.48
226.37,0.3,10.87,10.87
226.53,0.35,16.92,16.92
226.68,-0.06,15.63,15.63
226.85,-0.17,12.84,12.84
226.99,0.08,13.75,13.75
227.16,0.26,15.36,15.37
227.32,0.34,12.41,12.42
227.46,-0.12,11.23,11.23
227.62,-0.2,11.66,11.66
227.79,0.08,16.85,16.85
227.94,0.21,9.91,9.91
228.09,0.18,13.04,13.04
228.26,-0.08,8.7,8.7
228.42,-0.19,7.39,7.39
228.57,0.34,11.21,11.22
228.73,0.47,10.64,10.65
228.88,0.21,10.3,10.3
229.05,0.1,8.39,8.39
229.2,0.01,6.15,6.15
229.35,0.26,11.97,11.97
229.51,0.35,12.59,12.59
229.68,-0.07,7.3,7.3
229.83,0.19,9.94,9.94
230,0.16,4.51,4.51
230.15,0.29,5.21,5.22
230.31,0.14,9.89,9.89
230.46,-0.08,6.74,6.74
230.63,-0.09,8.04,8.04
230.78,0.05,7.44,7.44
230.94,0.11,3.47,3.47
231.1,0.13,4.77,4.77
231.25,0.08,6.11,6.11
231.41,-0.16,3.36,3.36
231.57,-0.23,10.22,10.23
231.72,0.25,7.6,7.6
231.88,0.46,8.69,8.7
232.05,0.13,5.7,5.7
232.2,-0.16,11.99,11.99
232.37,-0.17,8.44,8.44
232.52,0.34,14.59,14.59
232.68,0.41,14.62,14.63
232.85,0.14,9.71,9.71
233,-0.22,12.76,12.77
233.16,-0.49,8.63,8.64
233.31,-0.07,12.03,12.03
233.49,0.29,13.41,13.41
233.62,0.31,11.28,11.29
233.79,0.06,12.39,12.39
233.94,0.05,13.31,13.31
234.12,0.05,13.18,13.18
234.27,0.07,11.34,11.34
234.43,0.16,12.26,12.26
234.59,0.09,9.55,9.56
234.74,-0.19,8.12,8.13
234.9,0.11,6.47,6.48
235.06,0.2,6.86,6.86
235.21,0.03,4.17,4.17
235.38,0.05,4.8,4.8
235.53,-0.01,-0.19,0.19
235.7,0.12,4.65,4.66
235.85,0.06,5.46,5.46
236.01,0.05,4.96,4.96
236.16,-0.06,9.13,9.13
236.31,0,11.36,11.36
236.48,0.31,11.01,11.01
236.63,0.4,10.78,10.79
236.79,0.21,11.49,11.49
236.94,-0.2,13.07,13.07
237.1,-0.05,12.66,12.66
237.27,0.04,10.48,10.48
237.42,0.3,12.59,12.59
237.59,0.12,15.7,15.7
237.73,0,10.84,10.84
237.9,-0.25,10.23,10.23
238.05,-0.15,13.65,13.65
238.22,0.05,12.04,12.04
238.37,0.12,11.94,11.94
238.53,0.1,12.98,12.98
238.68,0.24,13.2,13.2
238.83,0.08,12.86,12.86
239,-0.08,8.81,8.81
239.15,-0.03,9.82,9.82
239.32,0.26,12.29,12.29
239.46,0.32,12.74,12.74
239.62,-0.01,15.2,15.2
239.78,-0.28,12.35,12.35
239.92,-0.12,9.5,9.5
240.09,0.33,16.79,16.8
240.26,0.35,8.54,8.55
240.4,0.15,9.59,9.59
240.57,-0.58,9.08,9.1
240.72,-0.82,12.83,12.86
240.89,0.19,9.12,9.12
241.04,0.67,7,7.03
241.2,0.43,17.1,17.1
241.35,-0.3,9.01,9.02
241.51,-0.57,12.58,12.59
241.66,-0.09,9.65,9.65
241.83,0.92,13.75,13.78
241.98,0.64,12.68,12.7
242.14,-0.14,11.77,11.77
242.29,-0.73,10.33,10.36
242.46,-0.3,14.11,14.11
242.61,1.32,9.28,9.38
242.78,0.86,13.62,13.65
242.94,-0.1,14.68,14.68
243.09,-0.53,13.26,13.27
243.26,-0.19,9.09,9.09
243.42,0.74,7.34,7.38
243.57,0.41,2.85,2.88
243.72,-0.09,6.21,6.21
243.88,-0.44,10.29,10.3
244.05,-0.52,10.09,10.1
244.2,0.59,9.11,9.13
244.35,0.79,14.61,14.63
244.51,0.21,6.54,6.55
244.68,-0.11,6.23,6.23
244.83,-0.3,11.29,11.29
244.98,-0.22,10.24,10.25
245.15,0.23,11.68,11.68
245.3,0.44,7.26,7.27
245.45,0.01,7.85,7.85
245.61,-0.52,9.8,9.81
245.77,0.75,18.14,18.15
245.92,0.24,14.76,14.76
246.09,0.04,10.44,10.44
246.24,-0.16,12.85,12.85
246.4,0.12,13.07,13.07
246.57,0.26,12.26,12.26
246.72,0.18,15.44,15.45
246.87,-0.04,16.24,16.24
247.02,-0.21,14.42,14.43
247.19,0.1,8.27,8.27
247.34,0.38,13.72,13.72
247.51,0.21,8.51,8.52
247.66,0.09,13.44,13.44
247.83,-0.12,12.61,12.61
247.98,0.19,15.54,15.54
248.14,0.34,8.22,8.23
248.29,0.28,12.69,12.7
248.46,0.13,15.58,15.58
248.63,-0.07,12.07,12.07
248.78,-0.09,8.81,8.81
248.94,0.08,8.05,8.05
249.09,0.33,7.86,7.86
249.25,0.14,12.82,12.82
249.41,-0.06,5.79,5.79
249.57,-0.17,7.06,7.06
249.73,-0.01,13.6,13.6
249.88,0.57,11.29,11.3
250.03,0.3,8.71,8.71
250.2,-0.03,9.1,9.1
250.35,-0.22,12.13,12.13
250.51,0.04,7.58,7.58
250.67,0.45,13.24,13.25
250.83,0.45,10.7,10.71
250.98,-0.02,10.44,10.44
251.15,-0.28,11.39,11.4
251.32,-0.08,9.01,9.01
251.47,0.33,11.9,11.9
251.6,0.84,11.66,11.69
251.77,0.26,12.11,12.11
251.94,-0.34,12.27,12.27
252.09,-0.42,11.33,11.34
252.25,0.14,12.61,12.61
252.4,0.6,12.91,12.92
252.57,0.19,5.19,5.19
252.72,-0.5,12.89,12.9
252.89,-0.58,14.51,14.52
253.04,0.06,13.25,13.25
253.2,0.57,14.35,14.36
253.35,0.35,15.48,15.49
253.51,-0.26,15.81,15.81
253.67,-0.63,12.29,12.31
253.83,-0.02,10.96,10.96
253.98,0.41,9,9.01
254.14,0.24,14.52,14.53
254.29,0,13.33,13.33
254.48,-0.05,11.31,11.31
254.61,-0.18,4.14,4.14
254.76,0.36,10.37,10.37
254.93,0.36,12.28,12.28
255.07,0.14,13.94,13.94
255.24,-0.4,13.95,13.95
255.41,-0.19,12.38,12.39
255.56,0.3,14.92,14.92
255.72,0.37,15.58,15.59
255.87,-0.15,14.64,14.64
256.02,-0.51,10.71,10.73
256.2,0.15,10.72,10.72
256.35,0.65,14.97,14.99
256.51,0.26,12.9,12.9
256.65,-0.15,14.79,14.79
256.81,-0.47,15.06,15.07
256.98,0.08,9.65,9.65
257.15,0.75,13.06,13.08
257.3,0.3,12.65,12.66
257.45,-0.25,11.85,11.85
257.61,-0.74,5.29,5.34
257.77,-0.05,8.89,8.89
257.92,1.03,10.83,10.88
258.09,0.5,14.07,14.08
258.24,-0.13,13.08,13.08
258.4,-0.26,12.36,12.37
258.57,-0.06,7.93,7.93
258.72,0.41,11.18,11.18
258.89,0.4,14.89,14.9
259.05,-0.09,13.74,13.74
259.2,-0.4,12.58,12.58
259.37,-0.02,10.49,10.49
259.52,0.38,13.95,13.96
259.68,0.32,20.52,20.53
259.83,-0.38,14.51,14.52
260,-0.36,13.34,13.34
260.16,0.22,10.25,10.25
260.31,0.38,9.16,9.17
260.48,0,9.64,9.64
260.63,-0.39,3.34,3.36
260.79,-0.07,12.06,12.06
260.94,0.63,18.18,18.19
261.11,0.33,8.99,9
261.26,-0.05,10.77,10.77
261.42,-0.32,14.03,14.03
261.58,-0.01,12.82,12.82
261.73,0.55,13.91,13.92
261.9,0.53,14.24,14.25
262.05,0.02,11.39,11.39
262.22,-0.15,4.27,4.28
262.36,-0.18,12.06,12.06
262.53,-0.35,10.44,10.44
262.68,0.31,17.9,17.9
262.85,0.93,16.55,16.58
263,0.33,14.78,14.78
263.16,-0.13,12.11,12.11
263.31,-0.48,10.12,10.13
263.47,0.04,14.04,14.04
263.64,0.72,10.56,10.58
263.79,0.42,12.68,12.69
263.95,-0.26,13.45,13.45
264.1,-0.48,8.16,8.17
